[
  {
    "board": [
      "+-------+",
      "|A      |",
      "|##  112|",
      "| B     |",
      "+-------+"
    ],
    "solution": "ulrdlrul",
    "verified": false
  },
  {
    "board": [
      "+----+",
      "| B  |",
      "|# ##|",
      "| 11 |",
      "| 22 |",
      "| BA |",
      "|#  #|",
      "+----+"
    ],
    "solution": "",
    "verified": false
  },
  {
    "board": [
      "+------+",
      "|32  # |",
      "|31   C|",
      "|C  BA#|",
      "|    ##|",
      "+------+"
    ],
    "solution": "rdurdlr",
    "verified": false
  },
  {
    "board": [
      "+---+",
      "| # |",
      "|BBB|",
      "| A |",
      "|   |",
      "|12 |",
      "|21 |",
      "|   |",
      "|  #|",
      "|#  |",
      "| A |",
      "|  A|",
      "|# #|",
      "+---+"
    ],
    "solution": "rudludrd",
    "verified": false
  },
  {
    "board": [
      "+-------+",
      "|A#1234#|",
      "| B     |",
      "|  #    |",
      "|#     C|",
      "|  #   #|",
      "|    D  |",
      "+-------+"
    ],
    "solution": "dlrdlduludrd",
    "verified": false
  },
  {
    "board": [
      "+-------+",
      "| #   A |",
      "|212  # |",
      "|121  # |",
      "|  B   B|",
      "| #  A  |",
      "+-------+"
    ],
    "solution": "rduldurd",
    "verified": "false"
  },
  {
    "board": [
      "+-----+",
      "|     |",
      "|     |",
      "|     |",
      "| A   |",
      "|#   #|",
      "|     |",
      "|     |",
      "|  21 |",
      "|#2 1#|",
      "| 21  |",
      "|     |",
      "|     |",
      "|#   #|",
      "|    A|",
      "|     |",
      "|    B|",
      "|#   #|",
      "|#B A#|",
      "|# # #|",
      "+-----+"
    ],
    "solution": "uldrdldurdldrdldrdldrrdl",
    "verified": "false"
  },
  {
    "board": [
      "  +----+  ",
      " ++ BA ++ ",
      " |  ##  | ",
      " |  #   | ",
      " | #  # | ",
      " | #    | ",
      " |   #  | ",
      " |  A B | ",
      " +------+ "
    ],
    "pieces": [
      "  +----+  ",
      " ++ 12 ++ ",
      " |  ##  | ",
      " |  #   | ",
      " | #  # | ",
      " | #    | ",
      " |   #  | ",
      " |  A B | ",
      " +------+ "
    ],
    "solution": "lrdldld",
    "verified": false
  },
  {
    "board": [
      " +-----+",
      "++#A  #|",
      "|#B    |",
      "|      |",
      "|      |",
      "| B    |",
      "|  C # |",
      "+------+"
    ],
    "pieces": [
      " +-----+",
      "++#A  #|",
      "|#131  |",
      "| 232  |",
      "|  3   |",
      "| B3   |",
      "|  C # |",
      "+------+"
    ],
    "solution": "dldrulrdlruldddul",
    "verified": false
  },
  {
    "board": [
      "+-------------+",
      "|             |",
      "|     #       |",
      "|            C|",
      "|     11     A|",
      "|   22  22    |",
      "|C33      33  |",
      "|    B#B      |",
      "|             |",
      "+-------------+"
    ],
    "solution": "ldlrrurrdlrr",
    "verified": false
  }
]